{
  "23645": {
    "nose_x": 656.4754638671875,
    "nose_y": 600.6944580078125,
    "vector_end_x": 628.1680672268907,
    "vector_end_y": 628.1680672268907
  },
  "49698": {
    "nose_x": 908.1597900390625,
    "nose_y": 713.1822509765625,
    "vector_end_x": 919.060053948168,
    "vector_end_y": 727.1449614763928
  }
}